# PCC export table, measured 16-bit TIFF (index = raw 12-bit value 0..4095).
# Settings: BlackLevel 64 WhiteLevel 4064 fGain 1.020939 fGamma 1.148154 ToneLabel ExpIndex400000 fTone [0.024, 0.1, 0.056, 0.2, 0.134, 0.4, 0.224, 0.6, 0.271, 0.7, 0.6, 0.96]
# Source: vendor SDK export of a ramp cine carrying the SETUP of 800nm_si_sphere 06OCT26 calibration/side1.cine.
# Check: reproduces PCC's own 8-bit exports of side1/2/3 on 100% of pixels.
0
0
0
0
0
0
0
0
0
0
0
0
0
0
0
0
0
0
0
0
0
0
0
0
0
0
0
0
0
0
0
0
0
0
0
0
0
0
0
0
0
0
0
0
0
0
0
0
0
0
0
0
0
0
0
0
0
0
0
0
0
0
0
0
0
32
160
272
384
496
608
720
864
976
1088
1200
1328
1440
1552
1664
1760
1872
1984
2080
2208
2320
2432
2528
2640
2736
2848
2960
3056
3168
3264
3376
3504
3600
3696
3792
3904
4000
4096
4192
4288
4400
4496
4592
4720
4816
4912
5008
5104
5200
5280
5376
5472
5568
5664
5744
5872
5952
6048
6144
6240
6320
6416
6496
6592
6672
6752
6832
6944
7024
7120
7200
7280
7360
7456
7536
7616
7696
7776
7856
7952
8032
8112
8192
8272
8336
8416
8496
8576
8656
8720
8800
8896
8976
9040
9120
9184
9264
9328
9408
9472
9552
9616
9696
9776
9856
9920
10000
10064
10128
10192
10272
10336
10400
10464
10528
10624
10688
10752
10816
10880
10944
11024
11088
11152
11216
11280
11344
11424
11488
11552
11616
11680
11744
11792
11856
11920
11984
12048
12128
12192
12256
12320
12384
12432
12496
12560
12624
12688
12752
12800
12880
12944
13008
13072
13120
13184
13248
13312
13360
13424
13488
13536
13616
13680
13744
13792
13856
13920
13984
14032
14096
14160
14208
14272
14352
14400
14464
14512
14576
14640
14688
14752
14816
14864
14928
14992
15056
15120
15168
15232
15296
15344
15408
15456
15520
15568
15632
15696
15760
15824
15872
15936
15984
16048
16096
16160
16208
16272
16336
16384
16448
16512
16560
16624
16688
16736
16800
16848
16912
16960
17008
17072
17136
17200
17248
17312
17360
17408
17472
17520
17584
17632
17696
17744
17808
17872
17920
17984
18032
18080
18144
18192
18256
18304
18352
18416
18480
18528
18592
18640
18688
18752
18800
18848
18912
18960
19008
19072
19136
19184
19248
19296
19344
19408
19456
19504
19552
19616
19664
19712
19776
19840
19888
19936
20000
20048
20096
20144
20208
20256
20304
20352
20416
20480
20528
20576
20624
20688
20736
20784
20832
20880
20944
20992
21056
21104
21152
21200
21264
21312
21360
21408
21456
21504
21568
21616
21680
21728
21776
21824
21872
21936
21984
22032
22080
22128
22176
22224
22288
22336
22384
22448
22496
22544
22592
22640
22688
22736
22784
22832
22896
22944
22992
23040
23088
23152
23200
23248
23296
23344
23392
23456
23504
23552
23600
23648
23696
23744
23792
23840
23888
23936
23984
24048
24096
24144
24192
24240
24288
24336
24384
24432
24480
24528
24576
24624
24672
24720
24768
24816
24864
24912
24960
25008
25056
25104
25152
25216
25264
25296
25344
25392
25440
25488
25536
25584
25632
25680
25728
25776
25824
25872
25920
25968
26016
26064
26112
26160
26192
26240
26288
26352
26400
26448
26480
26528
26576
26624
26672
26720
26752
26800
26848
26912
26960
26992
27040
27088
27136
27184
27232
27264
27312
27360
27408
27456
27504
27552
27600
27632
27680
27728
27776
27824
27856
27904
27952
28016
28048
28096
28144
28192
28224
28272
28320
28368
28400
28448
28496
28544
28592
28640
28688
28720
28768
28816
28848
28896
28944
28992
29024
29088
29136
29168
29216
29264
29296
29344
29392
29440
29472
29520
29568
29616
29664
29696
29744
29792
29824
29872
29920
29968
30000
30048
30096
30144
30192
30224
30272
30320
30352
30400
30448
30480
30528
30576
30608
30672
30704
30752
30784
30832
30880
30912
30960
31008
31040
31088
31136
31184
31216
31264
31312
31344
31392
31440
31472
31520
31552
31600
31648
31696
31744
31776
31824
31856
31904
31952
31984
32032
32064
32112
32160
32208
32240
32288
32336
32368
32416
32448
32496
32544
32576
32624
32672
32720
32752
32800
32832
32880
32912
32960
33008
33040
33088
33120
33168
33216
33264
33296
33344
33376
33424
33456
33504
33536
33584
33632
33680
33712
33760
33792
33840
33888
33920
33968
34000
34048
34080
34128
34176
34208
34256
34304
34336
34384
34416
34464
34496
34544
34576
34624
34672
34704
34752
34800
34832
34880
34912
34960
34992
35040
35072
35120
35168
35200
35248
35280
35328
35360
35408
35440
35488
35520
35568
35600
35664
35696
35744
35776
35824
35856
35904
35936
35984
36016
36064
36096
36144
36192
36224
36272
36304
36352
36384
36432
36464
36512
36544
36592
36640
36672
36720
36752
36800
36832
36880
36912
36960
36992
37040
37072
37120
37168
37200
37248
37280
37328
37360
37408
37440
37488
37520
37552
37616
37648
37696
37728
37760
37808
37840
37888
37920
37968
38000
38048
38096
38128
38176
38208
38256
38288
38336
38368
38416
38448
38496
38528
38576
38624
38656
38704
38736
38784
38816
38864
38896
38928
38976
39008
39056
39104
39136
39184
39216
39264
39296
39344
39376
39424
39456
39504
39552
39584
39632
39664
39712
39744
39792
39824
39856
39904
39936
39984
40032
40064
40112
40144
40192
40224
40272
40304
40352
40384
40432
40480
40512
40560
40592
40640
40672
40704
40752
40784
40832
40864
40912
40960
40992
41040
41072
41120
41152
41200
41232
41264
41312
41344
41392
41440
41472
41520
41552
41600
41632
41680
41712
41744
41792
41824
41872
41920
41952
42000
42032
42064
42112
42144
42192
42224
42272
42304
42336
42384
42432
42464
42512
42544
42592
42624
42656
42704
42736
42784
42816
42864
42896
42944
42976
43024
43056
43088
43136
43168
43200
43248
43280
43328
43376
43408
43440
43488
43520
43552
43600
43632
43664
43712
43744
43792
43824
43872
43904
43952
43984
44016
44064
44096
44128
44176
44208
44256
44288
44320
44368
44400
44432
44480
44512
44544
44592
44624
44656
44704
44736
44784
44816
44848
44880
44928
44960
44992
45040
45072
45104
45152
45184
45216
45264
45296
45328
45360
45408
45440
45472
45504
45552
45584
45632
45664
45696
45728
45760
45808
45840
45872
45904
45936
45984
46016
46048
46096
46128
46160
46192
46224
46256
46304
46336
46368
46400
46448
46480
46512
46544
46576
46608
46656
46688
46720
46752
46784
46816
46864
46896
46928
46960
46992
47024
47056
47088
47120
47168
47200
47232
47264
47296
47328
47360
47392
47440
47472
47504
47536
47568
47600
47632
47664
47696
47728
47760
47792
47824
47856
47888
47920
47952
47984
48032
48064
48096
48128
48160
48192
48224
48256
48288
48304
48336
48368
48416
48448
48480
48512
48544
48576
48592
48624
48656
48688
48720
48752
48784
48816
48848
48880
48912
48944
48976
49008
49040
49072
49088
49120
49168
49184
49216
49248
49280
49312
49344
49376
49392
49424
49456
49488
49520
49552
49584
49616
49648
49664
49696
49728
49760
49792
49808
49840
49888
49904
49936
49968
50000
50016
50048
50080
50112
50144
50160
50192
50224
50256
50288
50320
50336
50368
50400
50432
50448
50480
50512
50528
50576
50592
50624
50656
50672
50704
50736
50768
50784
50816
50848
50864
50912
50928
50960
50992
51008
51040
51072
51088
51120
51152
51168
51200
51232
51264
51280
51312
51344
51360
51392
51424
51440
51472
51488
51520
51552
51584
51600
51632
51664
51680
51712
51728
51760
51792
51808
51840
51872
51888
51920
51952
51968
52000
52016
52048
52064
52096
52128
52144
52176
52208
52224
52256
52272
52304
52320
52352
52368
52400
52416
52448
52480
52496
52528
52544
52576
52592
52624
52640
52672
52688
52720
52736
52768
52800
52816
52848
52864
52896
52912
52944
52960
52992
53008
53040
53056
53088
53104
53136
53152
53184
53200
53232
53248
53280
53296
53328
53344
53376
53392
53408
53440
53456
53488
53504
53536
53552
53568
53600
53632
53648
53664
53696
53712
53728
53760
53776
53808
53824
53840
53872
53888
53920
53936
53968
53984
54000
54032
54048
54064
54096
54112
54144
54160
54176
54208
54224
54240
54272
54288
54304
54336
54352
54368
54400
54416
54448
54464
54480
54496
54528
54544
54560
54592
54608
54624
54656
54672
54688
54720
54736
54752
54784
54800
54816
54832
54864
54880
54896
54928
54944
54960
54976
55008
55024
55040
55056
55088
55104
55120
55152
55168
55184
55200
55232
55248
55264
55280
55296
55328
55344
55360
55392
55408
55424
55440
55456
55488
55504
55520
55536
55552
55568
55600
55616
55632
55648
55680
55696
55712
55728
55744
55760
55792
55808
55824
55840
55856
55888
55904
55920
55936
55952
55968
55984
56016
56032
56048
56064
56080
56096
56128
56144
56160
56176
56192
56208
56224
56240
56256
56288
56304
56320
56336
56352
56368
56384
56400
56432
56448
56464
56480
56496
56512
56528
56544
56560
56576
56592
56624
56640
56656
56672
56688
56704
56720
56736
56752
56768
56784
56800
56816
56832
56848
56864
56880
56912
56928
56944
56960
56976
56992
57008
57024
57040
57056
57072
57088
57104
57120
57136
57152
57168
57184
57200
57216
57232
57248
57264
57280
57296
57312
57328
57344
57360
57376
57392
57408
57424
57440
57456
57472
57488
57504
57520
57536
57552
57568
57584
57600
57616
57616
57632
57664
57680
57680
57696
57712
57728
57744
57760
57776
57792
57808
57824
57840
57856
57872
57888
57888
57904
57920
57936
57952
57968
57984
58000
58016
58032
58048
58064
58064
58080
58096
58112
58128
58144
58160
58176
58192
58192
58208
58224
58240
58256
58272
58288
58288
58304
58320
58336
58352
58368
58384
58400
58400
58416
58432
58448
58464
58480
58480
58496
58512
58528
58544
58560
58576
58576
58592
58608
58624
58640
58640
58656
58672
58688
58704
58720
58720
58736
58752
58768
58784
58784
58800
58816
58832
58848
58864
58864
58880
58896
58912
58912
58928
58944
58960
58960
58976
58992
59008
59024
59024
59040
59056
59072
59072
59088
59104
59120
59136
59136
59152
59168
59184
59184
59200
59216
59232
59232
59248
59264
59280
59280
59296
59312
59312
59328
59344
59360
59360
59376
59392
59408
59408
59424
59440
59440
59456
59472
59488
59488
59504
59520
59520
59536
59552
59568
59568
59584
59600
59600
59616
59632
59632
59648
59664
59664
59680
59696
59712
59712
59728
59744
59744
59760
59776
59776
59792
59808
59808
59824
59840
59840
59856
59872
59872
59888
59904
59904
59920
59936
59936
59952
59952
59968
59984
59984
60000
60016
60016
60032
60032
60048
60064
60080
60080
60096
60096
60112
60128
60128
60144
60144
60160
60176
60176
60192
60208
60208
60224
60224
60240
60256
60256
60272
60272
60288
60304
60304
60320
60320
60336
60352
60352
60368
60368
60384
60384
60400
60416
60416
60432
60432
60448
60448
60464
60480
60480
60496
60496
60512
60528
60528
60544
60544
60560
60560
60576
60576
60592
60592
60608
60624
60624
60640
60640
60656
60656
60672
60672
60688
60688
60704
60720
60720
60736
60736
60752
60752
60768
60768
60784
60784
60800
60800
60816
60832
60832
60848
60848
60864
60864
60880
60880
60896
60896
60912
60912
60928
60928
60944
60944
60960
60960
60976
60976
60992
60992
61008
61008
61024
61024
61040
61040
61056
61056
61072
61072
61072
61088
61088
61104
61104
61120
61120
61136
61136
61152
61152
61168
61168
61184
61184
61200
61200
61216
61216
61216
61232
61232
61248
61248
61264
61264
61280
61280
61296
61296
61312
61312
61312
61328
61328
61344
61344
61360
61360
61360
61376
61376
61392
61392
61408
61408
61424
61424
61424
61440
61440
61456
61456
61472
61472
61472
61488
61488
61504
61504
61504
61520
61520
61536
61536
61552
61552
61552
61568
61568
61584
61584
61584
61600
61600
61616
61616
61616
61632
61632
61648
61648
61648
61664
61664
61680
61680
61680
61696
61696
61712
61712
61712
61728
61728
61728
61744
61744
61760
61760
61760
61776
61776
61792
61792
61792
61808
61808
61808
61824
61824
61840
61840
61840
61856
61856
61856
61872
61872
61872
61888
61888
61888
61904
61904
61920
61920
61920
61936
61936
61936
61952
61952
61952
61968
61968
61968
61984
61984
61984
62000
62000
62000
62016
62016
62016
62032
62032
62032
62048
62048
62048
62064
62064
62064
62080
62080
62080
62096
62096
62096
62112
62112
62112
62128
62128
62128
62144
62144
62144
62160
62160
62160
62176
62176
62176
62192
62192
62192
62192
62208
62208
62208
62224
62224
62224
62240
62240
62240
62256
62256
62256
62256
62272
62272
62272
62288
62288
62288
62304
62304
62304
62304
62320
62320
62320
62336
62336
62336
62336
62352
62352
62352
62368
62368
62368
62368
62384
62384
62384
62400
62400
62400
62400
62416
62416
62416
62416
62432
62432
62432
62448
62448
62448
62448
62464
62464
62464
62464
62480
62480
62480
62496
62496
62496
62496
62512
62512
62512
62512
62528
62528
62528
62528
62544
62544
62544
62560
62560
62560
62560
62576
62576
62576
62576
62576
62592
62592
62592
62608
62608
62608
62608
62624
62624
62624
62624
62624
62640
62640
62640
62640
62656
62656
62656
62656
62672
62672
62672
62672
62688
62688
62688
62688
62704
62704
62704
62704
62704
62720
62720
62720
62720
62736
62736
62736
62736
62752
62752
62752
62752
62752
62768
62768
62768
62768
62784
62784
62784
62784
62784
62800
62800
62800
62800
62816
62816
62816
62816
62816
62832
62832
62832
62832
62848
62848
62848
62848
62848
62864
62864
62864
62864
62864
62880
62880
62880
62880
62880
62896
62896
62896
62896
62912
62912
62912
62912
62912
62928
62928
62928
62928
62928
62944
62944
62944
62944
62944
62960
62960
62960
62960
62960
62976
62976
62976
62976
62976
62992
62992
62992
62992
62992
63008
63008
63008
63008
63008
63024
63024
63024
63024
63024
63024
63040
63040
63040
63040
63040
63056
63056
63056
63056
63056
63072
63072
63072
63072
63072
63072
63088
63088
63088
63088
63088
63104
63104
63104
63104
63104
63104
63120
63120
63120
63120
63120
63136
63136
63136
63136
63136
63136
63152
63152
63152
63152
63152
63168
63168
63168
63168
63168
63168
63184
63184
63184
63184
63184
63184
63200
63200
63200
63200
63200
63200
63216
63216
63216
63216
63216
63216
63232
63232
63232
63232
63232
63232
63248
63248
63248
63248
63248
63264
63264
63264
63264
63264
63264
63264
63280
63280
63280
63280
63280
63296
63296
63296
63296
63296
63296
63296
63312
63312
63312
63312
63312
63312
63328
63328
63328
63328
63328
63328
63344
63344
63344
63344
63344
63344
63360
63360
63360
63360
63360
63360
63376
63376
63376
63376
63376
63376
63376
63392
63392
63392
63392
63392
63392
63408
63408
63408
63408
63408
63408
63424
63424
63424
63424
63424
63424
63424
63440
63440
63440
63440
63440
63440
63456
63456
63456
63456
63456
63456
63472
63472
63472
63472
63472
63472
63472
63488
63488
63488
63488
63488
63488
63504
63504
63504
63504
63504
63504
63504
63520
63520
63520
63520
63520
63520
63536
63536
63536
63536
63536
63536
63536
63552
63552
63552
63552
63552
63552
63568
63568
63568
63568
63568
63568
63568
63584
63584
63584
63584
63584
63584
63584
63600
63600
63600
63600
63600
63600
63600
63616
63616
63616
63616
63616
63616
63632
63632
63632
63632
63632
63632
63632
63648
63648
63648
63648
63648
63648
63648
63664
63664
63664
63664
63664
63664
63664
63680
63680
63680
63680
63680
63680
63680
63696
63696
63696
63696
63696
63696
63712
63712
63712
63712
63712
63712
63712
63728
63728
63728
63728
63728
63728
63728
63744
63744
63744
63744
63744
63744
63744
63760
63760
63760
63760
63760
63760
63760
63760
63776
63776
63776
63776
63776
63776
63776
63792
63792
63792
63792
63792
63792
63792
63808
63808
63808
63808
63808
63808
63808
63824
63824
63824
63824
63824
63824
63824
63840
63840
63840
63840
63840
63840
63840
63856
63856
63856
63856
63856
63856
63856
63856
63872
63872
63872
63872
63872
63872
63872
63888
63888
63888
63888
63888
63888
63888
63904
63904
63904
63904
63904
63904
63904
63904
63920
63920
63920
63920
63920
63920
63920
63936
63936
63936
63936
63936
63936
63936
63936
63952
63952
63952
63952
63952
63952
63952
63968
63968
63968
63968
63968
63968
63968
63968
63984
63984
63984
63984
63984
63984
63984
64000
64000
64000
64000
64000
64000
64000
64000
64016
64016
64016
64016
64016
64016
64016
64016
64032
64032
64032
64032
64032
64032
64032
64048
64048
64048
64048
64048
64048
64048
64048
64064
64064
64064
64064
64064
64064
64064
64064
64080
64080
64080
64080
64080
64080
64080
64080
64096
64096
64096
64096
64096
64096
64096
64096
64112
64112
64112
64112
64112
64112
64112
64112
64128
64128
64128
64128
64128
64128
64128
64128
64144
64144
64144
64144
64144
64144
64144
64144
64160
64160
64160
64160
64160
64160
64160
64160
64176
64176
64176
64176
64176
64176
64176
64176
64192
64192
64192
64192
64192
64192
64192
64192
64208
64208
64208
64208
64208
64208
64208
64208
64208
64224
64224
64224
64224
64224
64224
64224
64224
64240
64240
64240
64240
64240
64240
64240
64240
64256
64256
64256
64256
64256
64256
64256
64256
64256
64272
64272
64272
64272
64272
64272
64272
64272
64288
64288
64288
64288
64288
64288
64288
64288
64304
64304
64304
64304
64304
64304
64304
64304
64304
64320
64320
64320
64320
64320
64320
64320
64320
64320
64336
64336
64336
64336
64336
64336
64336
64336
64352
64352
64352
64352
64352
64352
64352
64352
64352
64368
64368
64368
64368
64368
64368
64368
64368
64368
64384
64384
64384
64384
64384
64384
64384
64384
64384
64400
64400
64400
64400
64400
64400
64400
64400
64416
64416
64416
64416
64416
64416
64416
64416
64416
64432
64432
64432
64432
64432
64432
64432
64432
64432
64432
64448
64448
64448
64448
64448
64448
64448
64448
64448
64464
64464
64464
64464
64464
64464
64464
64464
64464
64480
64480
64480
64480
64480
64480
64480
64480
64480
64496
64496
64496
64496
64496
64496
64496
64496
64496
64512
64512
64512
64512
64512
64512
64512
64512
64512
64528
64528
64528
64528
64528
64528
64528
64528
64528
64528
64544
64544
64544
64544
64544
64544
64544
64544
64544
64560
64560
64560
64560
64560
64560
64560
64560
64560
64576
64576
64576
64576
64576
64576
64576
64576
64576
64576
64592
64592
64592
64592
64592
64592
64592
64592
64592
64592
64608
64608
64608
64608
64608
64608
64608
64608
64608
64624
64624
64624
64624
64624
64624
64624
64624
64624
64624
64640
64640
64640
64640
64640
64640
64640
64640
64640
64640
64656
64656
64656
64656
64656
64656
64656
64656
64656
64656
64672
64672
64672
64672
64672
64672
64672
64672
64672
64672
64688
64688
64688
64688
64688
64688
64688
64688
64688
64688
64704
64704
64704
64704
64704
64704
64704
64704
64704
64704
64720
64720
64720
64720
64720
64720
64720
64720
64720
64720
64736
64736
64736
64736
64736
64736
64736
64736
64736
64736
64752
64752
64752
64752
64752
64752
64752
64752
64752
64752
64768
64768
64768
64768
64768
64768
64768
64768
64768
64768
64768
64784
64784
64784
64784
64784
64784
64784
64784
64784
64784
64800
64800
64800
64800
64800
64800
64800
64800
64800
64800
64816
64816
64816
64816
64816
64816
64816
64816
64816
64816
64816
64832
64832
64832
64832
64832
64832
64832
64832
64832
64832
64832
64848
64848
64848
64848
64848
64848
64848
64848
64848
64848
64864
64864
64864
64864
64864
64864
64864
64864
64864
64864
64864
64880
64880
64880
64880
64880
64880
64880
64880
64880
64880
64880
64896
64896
64896
64896
64896
64896
64896
64896
64896
64896
64896
64912
64912
64912
64912
64912
64912
64912
64912
64912
64912
64912
64928
64928
64928
64928
64928
64928
64928
64928
64928
64928
64928
64944
64944
64944
64944
64944
64944
64944
64944
64944
64944
64944
64960
64960
64960
64960
64960
64960
64960
64960
64960
64960
64960
64976
64976
64976
64976
64976
64976
64976
64976
64976
64976
64976
64976
64992
64992
64992
64992
64992
64992
64992
64992
64992
64992
64992
65008
65008
65008
65008
65008
65008
65008
65008
65008
65008
65008
65024
65024
65024
65024
65024
65024
65024
65024
65024
65024
65024
65024
65040
65040
65040
65040
65040
65040
65040
65040
65040
65040
65040
65040
65056
65056
65056
65056
65056
65056
65056
65056
65056
65056
65056
65072
65072
65072
65072
65072
65072
65072
65072
65072
65072
65072
65072
65088
65088
65088
65088
65088
65088
65088
65088
65088
65088
65088
65088
65104
65104
65104
65104
65104
65104
65104
65104
65104
65104
65104
65104
65120
65120
65120
65120
65120
65120
65120
65120
65120
65120
65120
65120
65136
65136
65136
65136
65136
65136
65136
65136
65136
65136
65136
65136
65152
65152
65152
65152
65152
65152
65152
65152
65152
65152
65152
65152
65168
65168
65168
65168
65168
65168
65168
65168
65168
65168
65168
65168
65168
65184
65184
65184
65184
65184
65184
65184
65184
65184
65184
65184
65184
65200
65200
65200
65200
65200
65200
65200
65200
65200
65200
65200
65200
65200
65216
65216
65216
65216
65216
65216
65216
65216
65216
65216
65216
65216
65232
65232
65232
65232
65232
65232
65232
65232
65232
65232
65232
65232
65232
65248
65248
65248
65248
65248
65248
65248
65248
65248
65248
65248
65248
65248
65264
65264
65264
65264
65264
65264
65264
65264
65264
65264
65264
65264
65280
65280
65280
65280
65280
65280
65280
65280
65280
65280
65280
65280
65280
65296
65296
65296
65296
65296
65296
65296
65296
65296
65296
65296
65296
65296
65312
65312
65312
65312
65312
65312
65312
65312
65312
65312
65312
65312
65312
65328
65328
65328
65328
65328
65328
65328
65328
65328
65328
65328
65328
65328
65344
65344
65344
65344
65344
65344
65344
65344
65344
65344
65344
65344
65344
65344
65360
65360
65360
65360
65360
65360
65360
65360
65360
65360
65360
65360
65360
65376
65376
65376
65376
65376
65376
65376
65376
65376
65376
65376
65376
65376
65376
65392
65392
65392
65392
65392
65392
65392
65392
65392
65392
65392
65392
65392
65408
65408
65408
65408
65408
65408
65408
65408
65408
65408
65408
65408
65408
65408
65424
65424
65424
65424
65424
65424
65424
65424
65424
65424
65424
65424
65424
65440
65440
65440
65440
65440
65440
65440
65440
65440
65440
65440
65440
65440
65440
65456
65456
65456
65456
65456
65456
65456
65456
65456
65456
65456
65456
65456
65456
65472
65472
65472
65472
65472
65472
65472
65472
65472
65472
65472
65472
65472
65472
65488
65488
65488
65488
65488
65488
65488
65488
65488
65488
65488
65488
65488
65488
65504
65504
65504
65504
65504
65504
65504
65504
65504
65504
65504
65504
65504
65504
65520
65520
65520
65520
65520
65520
65520
65520
65520
65520
65520
65520
65520
65520
65520
65520
65520
65520
65520
65520
65520
65520
65520
65520
65520
65520
65520
65520
65520
65520
65520
65520
65520
65520
65520
65520
65520
65520
65520
65520
65520
65520
65520
65520
65520
65520
65520
65520
65520
65520
65520
65520
65520
65520
65520
65520
65520
65520
65520
65520
65520
65520
65520
65520
65520
65520
65520
65520
65520
65520
65520
65520
65520
65520
65520
65520
65520
65520
65520
65520
65520
65520
65520
65520
65520
65520
65520
65520
65520
65520
65520
65520
65520
65520
65520
65520
65520
65520
65520
65520
65520
65520
65520
65520
65520
65520
65520
65520
65520
65520
65520
65520
65520
65520
65520
65520
65520
65520
65520
65520
65520
65520
65520
65520
65520
65520
65520
65520
65520
65520
65520
65520
65520
65520
65520
65520
65520
65520
65520
65520
65520
65520
65520
65520
65520
65520
65520
65520
65520
65520
65520
65520
65520
65520
65520
65520
65520
65520
65520
65520
65520
65520
65520
65520
65520
65520
65520
65520
65520
65520
65520
65520
65520
65520
65520
65520
65520
65520
65520
65520
65520
65520
65520
65520
65520
65520
65520
65520
65520
65520
65520
65520
65520
65520
65520
65520
65520
65520
65520
65520
65520
65520
65520
65520
65520
65520
65520
65520
65520
65520
65520
65520
65520
65520
65520
65520
65520
65520
65520
65520
65520
65520
65520
65520
65520
65520
65520
65520
65520
65520
65520
65520
65520
65520
65520
65520
65520
65520
65520
65520
65520
65520
65520
65520
65520
65520
65520
65520
65520
65520
65520
65520
65520
65520
65520
65520
65520
65520
65520
65520
65520
65520
65520
65520
65520
65520
65520
65520
65520
65520
65520
65520
65520
65520
65520
65520
65520
65520
65520
65520
65520
65520
65520
65520
65520
65520
65520
65520
65520
65520
65520
65520
65520
65520
65520
65520
65520
65520
65520
65520
65520
65520
65520
65520
65520
65520
65520
65520
65520
65520
65520
65520
65520
65520
65520
65520
65520
65520
65520
65520
65520
65520
65520
65520
65520
65520
65520
65520
65520
65520
65520
65520
65520
65520
65520
65520
65520
65520
65520
65520
65520
65520
65520
65520
65520
65520
65520
65520
65520
65520
65520
65520
65520
65520
65520
65520
65520
65520
65520
65520
65520
65520
65520
65520
65520
65520
65520
65520
65520
65520
65520
65520
65520
65520
65520
65520
65520
65520
65520
65520
65520
65520
65520
65520
65520
65520
65520
65520
65520
65520
65520
65520
65520
65520
65520
65520
65520
65520
65520
65520
65520
65520
65520
65520
65520
65520
65520
65520
65520
65520
65520
65520
65520
65520
65520
65520
65520
65520
65520
65520
65520
65520
65520
65520
65520
65520
65520
65520
65520
65520
65520
65520
65520
65520
65520
65520
65520
65520
65520
65520
65520
65520
65520
65520
65520
65520
65520
65520
65520
65520
65520
65520
65520
65520
65520
65520
65520
65520
65520
65520
65520
65520
65520
65520
65520
65520
65520
65520
65520
65520
65520
65520
65520
65520
65520
65520
65520
65520
65520
65520
65520
65520
65520
65520
65520
65520
65520
65520
65520
65520
65520
65520
65520
65520
65520
65520
65520
65520
65520
65520
65520
65520
65520
65520
65520
65520
65520
65520
65520
65520
65520
65520
65520
65520
65520
65520
65520
65520
65520
65520
65520
65520
65520
65520
65520
65520
65520
65520
65520
65520
65520
65520
65520
65520
65520
65520
65520
65520
65520
65520
65520
65520
65520
65520
65520
65520
65520
65520
65520
65520
65520
65520
65520
65520
65520
65520
65520
65520
65520
65520
65520
65520
65520
65520
65520
65520
65520
65520
65520
65520
65520
65520
65520
65520
65520
65520
65520
65520
65520
65520
65520
65520
65520
65520
65520
65520
65520
